City_ID,City,Lat,Lng,Max Temp,Humidity,Cloudiness,Wind Speed,Country,Date,Weather description
0,Bathsheba,13.2167,-59.5167,81.21,78,40,13.8,BB,2021-11-28 05:36:55,scattered clouds
1,Ushuaia,-54.8,-68.3,49.66,57,75,18.41,AR,2021-11-28 05:36:55,light rain
2,Rawson,-43.3002,-65.1023,55.74,78,0,5.44,AR,2021-11-28 05:36:56,clear sky
3,Sitka,57.0531,-135.33,35.49,87,90,3.44,US,2021-11-28 05:36:56,light rain
4,Hermanus,-34.4187,19.2345,65.25,88,96,12.55,ZA,2021-11-28 05:36:57,overcast clouds
5,Busselton,-33.65,115.3333,83.5,38,76,14.32,AU,2021-11-28 05:36:57,broken clouds
6,Khatanga,71.9667,102.5,-8.25,96,100,11.9,RU,2021-11-28 05:36:57,overcast clouds
7,Labuhan,-6.8844,112.2051,80.76,73,100,5.79,ID,2021-11-28 05:36:58,light rain
8,Barrow,71.2906,-156.7887,-5.78,77,90,10.36,US,2021-11-28 05:36:58,haze
9,Vaini,-21.2,-175.2,80.76,89,75,10.36,TO,2021-11-28 05:36:58,light rain
10,Butaritari,3.0707,172.7902,82.31,74,76,16.67,KI,2021-11-28 05:36:59,broken clouds
11,Tongliao,43.6125,122.2653,36.95,89,100,12.68,CN,2021-11-28 05:36:59,overcast clouds
12,Nikolskoye,59.7035,30.7861,28.29,93,100,10.33,RU,2021-11-28 05:36:59,light snow
13,Saint-Philippe,-21.3585,55.7679,81.95,81,93,3.42,RE,2021-11-28 05:37:00,light rain
14,Sao Filipe,14.8961,-24.4956,76.39,73,85,9.69,CV,2021-11-28 05:34:16,overcast clouds
15,Bluff,-46.6,168.3333,55.44,58,3,3.78,NZ,2021-11-28 05:37:00,clear sky
16,Hithadhoo,-0.6,73.0833,82.02,72,100,17.92,MV,2021-11-28 05:37:01,overcast clouds
17,Sistranda,63.7256,8.834,21.16,63,4,7.07,NO,2021-11-28 05:37:01,clear sky
18,Hasaki,35.7333,140.8333,59.29,41,1,14.61,JP,2021-11-28 05:37:01,clear sky
19,Bredasdorp,-34.5322,20.0403,67.82,76,90,16.4,ZA,2021-11-28 05:34:14,overcast clouds
20,Saint Anthony,45.0205,-93.218,33.73,69,1,10.36,US,2021-11-28 05:37:02,clear sky
21,Port Alfred,-33.5906,26.891,74.46,52,43,9.31,ZA,2021-11-28 05:37:02,scattered clouds
22,Kamaishi,39.2667,141.8833,49.15,49,53,7.18,JP,2021-11-28 05:37:03,broken clouds
23,Punta Arenas,-53.15,-70.9167,50.11,57,90,11.5,CL,2021-11-28 05:37:03,overcast clouds
24,Mitha Tiwana,32.2486,72.1108,74.12,20,18,2.08,PK,2021-11-28 05:37:04,few clouds
25,Prince Rupert,54.3161,-130.3201,49.69,78,90,17.27,CA,2021-11-28 05:36:08,moderate rain
26,Kahului,20.8947,-156.47,75.22,73,90,11.5,US,2021-11-28 05:37:04,overcast clouds
27,Kodiak,57.79,-152.4072,17.11,53,1,13.8,US,2021-11-28 05:33:17,clear sky
28,Srednekolymsk,67.45,153.6833,-38.81,99,47,5.46,RU,2021-11-28 05:37:05,scattered clouds
29,Yellowknife,62.456,-114.3525,-17.88,76,1,8.05,CA,2021-11-28 05:37:05,clear sky
30,Mungwi,-10.1732,31.3694,68.32,74,66,7.4,ZM,2021-11-28 05:37:06,broken clouds
31,Pangai,-19.8,-174.35,80.6,78,98,19.84,TO,2021-11-28 05:37:06,light rain
32,Jamestown,42.097,-79.2353,31.32,93,90,6.91,US,2021-11-28 05:36:35,light snow
33,Tuktoyaktuk,69.4541,-133.0374,-9.4,77,90,21.85,CA,2021-11-28 05:37:07,light snow
34,Ayacucho,-13.1583,-74.2239,57.27,73,100,3.22,PE,2021-11-28 05:37:07,overcast clouds
35,Constitucion,-35.3333,-72.4167,51.8,76,0,6.82,CL,2021-11-28 05:37:08,clear sky
36,Mahajanga,-15.7167,46.3167,84.22,70,40,6.91,MG,2021-11-28 05:37:08,light rain
37,Araouane,18.9048,-3.5265,68.5,40,99,11.12,ML,2021-11-28 05:37:08,overcast clouds
38,Puerto Colombia,10.9878,-74.9547,80.69,85,62,18.21,CO,2021-11-28 05:37:09,broken clouds
39,Kaitangata,-46.2817,169.8464,58.33,68,0,5.12,NZ,2021-11-28 05:37:09,clear sky
40,Norman Wells,65.282,-126.8329,-32.76,68,20,2.3,CA,2021-11-28 05:37:09,few clouds
41,Nkayi,-4.1841,13.2884,73.29,92,72,1.1,CG,2021-11-28 05:37:10,broken clouds
42,Damietta,31.4165,31.8133,62.49,46,21,7.16,EG,2021-11-28 05:36:52,few clouds
43,Pszczyna,49.9804,18.9538,35.47,99,100,5.79,PL,2021-11-28 05:37:10,overcast clouds
44,Qostanay,53.1667,63.5833,8.89,66,0,8.95,KZ,2021-11-28 05:33:24,clear sky
45,Leningradskiy,69.3833,178.4167,-20.67,91,22,10.09,RU,2021-11-28 05:38:11,few clouds
46,Nanortalik,60.1432,-45.2371,41.59,98,100,12.48,GL,2021-11-28 05:38:11,light rain
47,Narimanov,46.6927,47.8498,39.11,81,98,9.78,RU,2021-11-28 05:38:11,overcast clouds
48,Qaanaaq,77.484,-69.3632,-4.38,96,98,3.02,GL,2021-11-28 05:38:12,overcast clouds
49,Rikitea,-23.1203,-134.9692,76.46,78,78,15.82,PF,2021-11-28 05:38:12,broken clouds
50,Bundaberg,-24.85,152.35,77.29,78,75,17.27,AU,2021-11-28 05:38:12,broken clouds
51,Fairbanks,64.8378,-147.7164,-16.64,69,90,0.0,US,2021-11-28 05:35:13,light snow
52,Castro,-24.7911,-50.0119,59.34,86,0,2.01,BR,2021-11-28 05:38:13,clear sky
53,Odate,40.2686,140.5683,44.74,81,75,5.75,JP,2021-11-28 05:38:13,broken clouds
54,Puerto Ayora,-0.7393,-90.3518,68.2,82,88,7.72,EC,2021-11-28 05:38:14,overcast clouds
55,Albany,42.6001,-73.9662,26.47,71,61,4.45,US,2021-11-28 05:35:56,broken clouds
56,Margate,51.3813,1.3862,37.11,79,100,31.43,GB,2021-11-28 05:38:14,overcast clouds
57,Hamilton,39.1834,-84.5333,45.45,74,1,3.44,US,2021-11-28 05:35:22,clear sky
58,Souillac,-20.5167,57.5167,84.58,58,20,10.36,MU,2021-11-28 05:30:41,few clouds
59,Lebu,-37.6167,-73.65,49.55,79,0,16.02,CL,2021-11-28 05:38:15,clear sky
60,Thompson,55.7435,-97.8558,17.76,79,90,12.66,CA,2021-11-28 05:38:15,overcast clouds
61,Brownwood,31.7093,-98.9912,52.92,100,90,0.0,US,2021-11-28 05:38:15,overcast clouds
62,Mindelo,16.8901,-24.9804,74.75,64,40,24.16,CV,2021-11-28 05:38:16,scattered clouds
63,Udachnyy,66.4167,112.4,-18.11,96,100,4.14,RU,2021-11-28 05:38:16,overcast clouds
64,Ribeira Grande,38.5167,-28.7,61.2,62,59,4.7,PT,2021-11-28 05:38:16,broken clouds
65,Piacabucu,-10.4056,-36.4344,78.42,78,87,11.63,BR,2021-11-28 05:29:36,overcast clouds
66,Huanren,41.2647,125.3667,38.61,66,100,5.95,CN,2021-11-28 05:38:17,overcast clouds
67,Longyearbyen,78.2186,15.6401,10.24,61,20,27.63,SJ,2021-11-28 05:25:45,few clouds
68,Tucuman,-26.8241,-65.2226,75.2,69,91,6.91,AR,2021-11-28 05:38:17,overcast clouds
69,Lorengau,-2.0226,147.2712,85.62,67,100,7.65,PG,2021-11-28 05:38:17,overcast clouds
70,Carnarvon,-24.8667,113.6333,89.67,48,0,14.97,AU,2021-11-28 05:38:18,clear sky
71,Rangpur,25.75,89.25,77.2,47,66,10.09,BD,2021-11-28 05:38:18,broken clouds
72,Aklavik,68.2191,-135.0107,-13.97,83,83,17.05,CA,2021-11-28 05:38:19,broken clouds
73,Dikson,73.5069,80.5464,-11.11,97,100,10.0,RU,2021-11-28 05:38:19,overcast clouds
74,Dingle,10.9995,122.6711,84.76,75,97,11.34,PH,2021-11-28 05:38:19,overcast clouds
75,Te Anau,-45.4167,167.7167,66.24,47,0,2.3,NZ,2021-11-28 05:38:20,clear sky
76,Buchanan,5.8808,-10.0467,78.3,84,82,4.18,LR,2021-11-28 05:38:20,broken clouds
77,Lensk,60.7253,114.9278,9.37,87,100,9.62,RU,2021-11-28 05:38:20,overcast clouds
78,Muroto,33.2833,134.15,60.84,43,0,1.9,JP,2021-11-28 05:38:21,clear sky
79,Faanui,-16.4833,-151.75,81.05,75,37,11.81,PF,2021-11-28 05:38:21,scattered clouds
80,Mataura,-46.1927,168.8643,63.84,39,1,5.75,NZ,2021-11-28 05:38:22,clear sky
81,Sorland,67.667,12.6934,35.56,64,100,14.76,NO,2021-11-28 05:38:22,light rain
82,Peddapuram,17.0833,82.1333,78.89,65,93,13.73,IN,2021-11-28 05:38:22,overcast clouds
83,Tuatapere,-46.1333,167.6833,58.21,54,0,8.03,NZ,2021-11-28 05:29:30,clear sky
84,Hilo,19.7297,-155.09,73.13,88,90,0.0,US,2021-11-28 05:38:23,light rain
85,Hualmay,-11.0964,-77.6139,65.07,89,100,8.97,PE,2021-11-28 05:38:23,overcast clouds
86,Burgeo,47.6167,-57.6152,43.52,78,89,24.49,CA,2021-11-28 05:38:24,overcast clouds
87,Victor Harbor,-35.5667,138.6167,73.49,55,0,11.36,AU,2021-11-28 05:38:24,clear sky
88,Road Town,18.4167,-64.6167,78.89,79,9,11.95,VG,2021-11-28 05:38:24,clear sky
89,East London,-33.0153,27.9116,68.94,77,0,5.75,ZA,2021-11-28 05:36:35,clear sky
90,Hay River,60.8156,-115.7999,1.38,78,40,6.91,CA,2021-11-28 05:38:51,scattered clouds
91,Bethel,41.3712,-73.414,34.16,55,20,5.75,US,2021-11-28 05:39:24,few clouds
92,Grindavik,63.8424,-22.4338,36.07,100,90,9.22,IS,2021-11-28 05:39:25,light intensity drizzle
93,Ivdel,60.6911,60.4206,19.78,96,100,3.94,RU,2021-11-28 05:39:25,overcast clouds
94,Storsteinnes,69.2408,19.2344,19.4,92,12,6.91,NO,2021-11-28 05:39:26,few clouds
95,Hami,42.8,93.45,28.17,60,21,5.26,CN,2021-11-28 05:39:26,few clouds
96,Yar-Sale,66.8333,70.8333,-11.79,97,49,8.88,RU,2021-11-28 05:39:26,scattered clouds
97,Porbandar,21.6422,69.6093,84.18,61,66,5.75,IN,2021-11-28 05:39:27,haze
98,Guadalupe Y Calvo,26.1,-106.9667,41.34,85,100,4.09,MX,2021-11-28 05:39:27,overcast clouds
99,Mahebourg,-20.4081,57.7,84.49,58,20,10.36,MU,2021-11-28 05:39:28,few clouds
100,Abnub,27.2696,31.1511,55.62,21,11,2.51,EG,2021-11-28 05:39:28,few clouds
101,Abu Samrah,35.3029,37.1841,60.84,50,100,3.02,SY,2021-11-28 05:39:28,overcast clouds
102,Dauphin,51.1494,-100.0502,19.54,73,1,16.11,CA,2021-11-28 05:39:29,clear sky
103,Georgetown,5.4112,100.3354,87.73,74,40,4.61,MY,2021-11-28 05:38:25,scattered clouds
104,Mayahi,13.9553,7.6712,70.27,18,84,10.47,NE,2021-11-28 05:39:29,broken clouds
105,Ambanja,-13.6833,48.45,81.52,78,60,2.26,MG,2021-11-28 05:39:30,moderate rain
106,Saskylakh,71.9167,114.0833,-3.32,92,99,10.89,RU,2021-11-28 05:39:30,overcast clouds
107,Manokwari,-0.8667,134.0833,82.54,76,94,7.43,ID,2021-11-28 05:39:31,overcast clouds
108,Esperance,-33.8667,121.9,93.04,38,2,9.62,AU,2021-11-28 05:39:19,clear sky
109,Atuona,-9.8,-139.0333,78.75,75,100,19.75,PF,2021-11-28 05:39:31,overcast clouds
110,Mawlaik,23.6333,94.4167,82.51,43,39,2.44,MM,2021-11-28 05:39:32,scattered clouds
111,Geraldton,-28.7667,114.6,88.21,30,0,12.66,AU,2021-11-28 05:39:32,clear sky
112,Namatanai,-3.6667,152.4333,84.72,67,99,3.27,PG,2021-11-28 05:39:32,overcast clouds
113,Belmonte,-15.8631,-38.8828,72.1,96,100,5.46,BR,2021-11-28 05:39:33,overcast clouds
114,Ust-Kalmanka,52.1207,83.305,26.56,63,100,20.38,RU,2021-11-28 05:39:33,overcast clouds
115,New Norfolk,-42.7826,147.0587,63.9,49,4,6.4,AU,2021-11-28 05:39:33,clear sky
116,Stepantsevo,56.1314,41.7032,35.4,98,100,10.42,RU,2021-11-28 05:39:34,overcast clouds
117,Bengkulu,-3.8004,102.2655,83.23,68,100,5.79,ID,2021-11-28 05:39:34,overcast clouds
118,Shatsk,54.0258,41.7119,34.56,100,100,11.83,RU,2021-11-28 05:39:35,overcast clouds
119,Soure,-0.7167,-48.5233,79.97,81,12,8.14,BR,2021-11-28 05:39:35,few clouds
120,Aswan,24.0934,32.907,67.3,27,0,6.91,EG,2021-11-28 05:39:35,clear sky
121,Makokou,0.5738,12.8642,69.57,97,96,1.41,GA,2021-11-28 05:39:36,overcast clouds
122,Zaltan,32.947,11.8665,61.16,57,100,4.41,LY,2021-11-28 05:39:36,overcast clouds
123,Avera,33.194,-82.5271,48.07,46,99,6.98,US,2021-11-28 05:39:37,overcast clouds
124,Taoudenni,22.6783,-3.9836,63.52,36,19,9.06,ML,2021-11-28 05:39:37,few clouds
125,Knysna,-34.0363,23.0471,70.18,50,34,7.9,ZA,2021-11-28 05:39:37,scattered clouds
126,Pevek,69.7008,170.3133,-12.8,84,12,2.82,RU,2021-11-28 05:39:38,few clouds
127,Airai,-8.9266,125.4092,70.23,74,97,1.95,TL,2021-11-28 05:39:38,overcast clouds
128,Iqaluit,63.7506,-68.5145,24.53,58,90,12.66,CA,2021-11-28 05:39:38,light snow
129,Saint-Augustin,51.226,-58.6502,37.62,96,82,15.66,CA,2021-11-28 05:39:39,broken clouds
130,Upernavik,72.7868,-56.1549,-4.05,85,24,10.69,GL,2021-11-28 05:39:39,few clouds
131,Shimoda,34.6667,138.95,55.76,48,16,0.96,JP,2021-11-28 05:39:40,few clouds
132,Mar Del Plata,-38.0023,-57.5575,62.62,94,0,11.5,AR,2021-11-28 05:39:40,clear sky
133,Pochutla,15.7432,-96.4661,73.13,71,70,3.78,MX,2021-11-28 05:39:40,broken clouds
134,Cape Town,-33.9258,18.4232,63.01,100,90,11.5,ZA,2021-11-28 05:37:58,light rain
135,Hobart,-42.8794,147.3294,64.26,63,20,18.41,AU,2021-11-28 05:37:49,few clouds
136,Erenhot,43.6475,111.9767,30.83,57,14,16.67,CN,2021-11-28 05:40:41,few clouds
137,Goderich,43.7501,-81.7165,26.92,93,100,5.75,CA,2021-11-28 05:40:41,overcast clouds
138,Ancud,-41.8697,-73.8203,49.53,86,40,3.51,CL,2021-11-28 05:40:42,scattered clouds
139,Cumberland,35.0502,-78.8664,45.84,50,1,5.75,US,2021-11-28 05:36:06,clear sky
140,Kiunga,-6.1219,141.2906,88.27,62,56,3.98,PG,2021-11-28 05:40:42,broken clouds
141,Mahon,39.8885,4.2658,43.36,87,20,0.0,ES,2021-11-28 05:40:43,few clouds
142,Bowen,-20.0167,148.2333,82.62,69,38,11.7,AU,2021-11-28 05:40:43,scattered clouds
143,Labrea,-7.2586,-64.7981,72.9,99,100,2.95,BR,2021-11-28 05:40:43,overcast clouds
144,Novo Aripuana,-5.1206,-60.3797,73.92,97,100,1.95,BR,2021-11-28 05:40:44,overcast clouds
145,Ixtapa,20.7,-105.2,71.37,82,92,2.75,MX,2021-11-28 05:40:44,overcast clouds
146,College,64.8569,-147.8028,-13.34,69,75,0.0,US,2021-11-28 05:40:44,light snow
147,Patea,-39.7583,174.4833,63.37,77,100,7.87,NZ,2021-11-28 05:40:45,overcast clouds
148,Krabi,8.0726,98.9105,82.51,89,75,5.75,TH,2021-11-28 05:40:45,light rain
149,Khandyga,62.6667,135.6,-6.12,100,100,1.34,RU,2021-11-28 05:40:45,overcast clouds
150,Aripuana,-9.1667,-60.6333,72.59,100,91,2.71,BR,2021-11-28 05:40:46,moderate rain
151,Arraial Do Cabo,-22.9661,-42.0278,72.59,86,21,5.32,BR,2021-11-28 05:37:47,few clouds
152,Kungurtug,50.5994,97.5228,12.97,59,73,1.14,RU,2021-11-28 05:40:46,broken clouds
153,Makakilo City,21.3469,-158.0858,77.32,63,90,5.75,US,2021-11-28 05:40:47,overcast clouds
154,Balod,20.73,81.2047,77.95,34,84,8.9,IN,2021-11-28 05:40:47,broken clouds
155,Codrington,-38.2667,141.9667,63.05,63,0,14.65,AU,2021-11-28 05:40:47,clear sky
156,Tasiilaq,65.6145,-37.6368,26.76,95,100,4.68,GL,2021-11-28 05:40:48,snow
157,Bahia Honda,22.9036,-83.1592,70.68,82,28,3.83,CU,2021-11-28 05:40:48,scattered clouds
158,San Cristobal,7.7669,-72.225,68.18,89,25,1.14,VE,2021-11-28 05:38:23,scattered clouds
159,Kapaa,22.0752,-159.319,75.18,73,1,8.05,US,2021-11-28 05:40:49,clear sky
160,Verkhoyansk,67.5447,133.385,-7.24,99,100,2.33,RU,2021-11-28 05:40:49,overcast clouds
161,Klaksvik,62.2266,-6.589,25.72,61,97,4.34,FO,2021-11-28 05:40:49,overcast clouds
162,Chenghai,23.4632,116.768,78.71,47,20,4.47,CN,2021-11-28 05:40:50,few clouds
163,Alyangula,-13.8483,136.4192,82.27,74,90,10.36,AU,2021-11-28 05:40:50,overcast clouds
164,Cockburn Town,21.4612,-71.1419,77.72,72,43,10.6,TC,2021-11-28 05:40:51,scattered clouds
165,Serik,36.9169,31.0989,68.25,82,89,15.57,TR,2021-11-28 05:40:51,overcast clouds
166,Asau,46.4333,26.4,32.92,80,48,4.32,RO,2021-11-28 05:40:52,scattered clouds
167,Koulikoro,14.0,-7.75,72.95,24,77,7.94,ML,2021-11-28 05:40:52,broken clouds
168,Lake Havasu City,34.4839,-114.3224,62.6,14,1,0.0,US,2021-11-28 05:40:52,clear sky
169,Paamiut,61.994,-49.6678,37.6,94,100,16.6,GL,2021-11-28 05:40:52,light rain
170,Provideniya,64.3833,-173.3,-6.11,81,5,5.19,RU,2021-11-28 05:40:53,clear sky
171,Kununurra,-15.7667,128.7333,100.38,20,40,6.91,AU,2021-11-28 05:40:53,scattered clouds
172,Sembe,1.6481,14.5806,73.49,82,95,1.03,CG,2021-11-28 05:40:53,overcast clouds
173,Deputatskiy,69.3,139.9,-10.19,96,100,5.46,RU,2021-11-28 05:40:54,overcast clouds
174,Chuy,-33.6971,-53.4616,66.92,88,100,5.5,UY,2021-11-28 05:40:54,overcast clouds
175,Clyde River,70.4692,-68.5914,-9.15,97,96,6.76,CA,2021-11-28 05:40:55,overcast clouds
176,Rosarito,32.3333,-117.0333,59.74,60,0,1.72,MX,2021-11-28 05:40:55,clear sky
177,Talnakh,69.4865,88.3972,-3.42,98,100,6.08,RU,2021-11-28 05:40:55,overcast clouds
178,Fortuna,40.5982,-124.1573,50.34,94,60,2.91,US,2021-11-28 05:40:56,broken clouds
179,Buala,-8.145,159.5921,84.15,72,77,4.74,SB,2021-11-28 05:40:56,light rain
180,Berlevag,70.8578,29.0864,14.0,72,0,8.05,NO,2021-11-28 05:41:56,clear sky
181,Conway,35.0887,-92.4421,44.4,87,75,0.0,US,2021-11-28 05:41:57,broken clouds
182,Pitimbu,-7.4706,-34.8086,75.79,69,82,7.76,BR,2021-11-28 05:41:57,broken clouds
183,Ugoofaaru,5.6667,73.0,80.58,80,100,12.97,MV,2021-11-28 05:41:58,moderate rain
184,Petropavlovsk-Kamchatskiy,53.0452,158.6483,19.99,53,0,6.71,RU,2021-11-28 05:41:45,clear sky
185,Kogon,39.7228,64.5517,42.44,70,84,4.61,UZ,2021-11-28 05:41:58,broken clouds
186,Takoradi,4.8845,-1.7554,78.49,82,67,5.46,GH,2021-11-28 05:41:58,broken clouds
187,Hammerfest,70.6634,23.6821,18.05,73,55,16.11,NO,2021-11-28 05:41:59,broken clouds
188,Hermiston,45.8404,-119.2895,68.02,100,90,3.44,US,2021-11-28 05:41:59,overcast clouds
189,Ouesso,1.6136,16.0517,74.12,72,93,1.03,CG,2021-11-28 05:42:00,overcast clouds
190,Beloha,-25.1667,45.05,72.36,41,0,15.46,MG,2021-11-28 05:42:00,clear sky
191,Saint-Joseph,-21.3667,55.6167,82.76,84,96,3.53,RE,2021-11-28 05:42:01,light rain
192,Varkkallai,8.7341,76.7067,83.98,86,100,4.92,IN,2021-11-28 05:42:01,overcast clouds
193,Mainpuri,27.2333,79.0167,75.52,34,1,4.25,IN,2021-11-28 05:42:01,clear sky
194,Nhulunbuy,-12.2333,136.7667,93.81,38,46,11.5,AU,2021-11-28 05:42:02,scattered clouds
195,Hambantota,6.1241,81.1185,82.74,94,40,5.75,LK,2021-11-28 05:42:02,light rain
196,Antofagasta,-23.65,-70.4,60.08,78,39,3.91,CL,2021-11-28 05:37:30,scattered clouds
197,Price,39.5994,-110.8107,42.06,52,1,3.44,US,2021-11-28 05:42:03,clear sky
198,Bijie,27.3125,105.2942,52.16,73,93,4.09,CN,2021-11-28 05:42:03,overcast clouds
199,Mercedes,-34.6515,-59.4307,61.39,93,100,7.27,AR,2021-11-28 05:42:03,light rain
200,Pandan,14.0453,124.1694,79.84,88,100,12.5,PH,2021-11-28 05:42:04,overcast clouds
201,Kitgum,3.2783,32.8867,78.13,57,75,7.16,UG,2021-11-28 05:42:04,broken clouds
202,Iranshahr,27.2025,60.6848,70.14,24,0,6.91,IR,2021-11-28 05:42:04,clear sky
203,Tacoronte,28.4769,-16.4102,57.52,94,75,16.11,ES,2021-11-28 05:42:05,broken clouds
204,Temir,49.1414,57.13,23.94,77,96,12.8,KZ,2021-11-28 05:42:05,overcast clouds
205,Oga,46.4631,10.347,27.68,96,100,6.24,IT,2021-11-28 05:42:06,snow
206,Umm Kaddadah,13.6017,26.6876,74.14,18,7,19.75,SD,2021-11-28 05:42:06,clear sky
207,Placido De Castro,-10.3353,-67.1856,71.29,98,91,2.71,BR,2021-11-28 05:42:06,overcast clouds
208,Storozhevaya,43.8789,41.4514,48.29,68,96,3.51,RU,2021-11-28 05:42:07,overcast clouds
209,Bambous Virieux,-20.3428,57.7575,84.45,58,20,10.36,MU,2021-11-28 05:42:07,few clouds
210,Nacala,-14.5428,40.6728,82.35,49,91,11.36,MZ,2021-11-28 05:42:07,overcast clouds
211,Panguiranan,12.0699,123.3185,85.57,71,100,11.05,PH,2021-11-28 05:42:08,overcast clouds
212,Grand-Lahou,5.1367,-5.0242,78.67,85,19,6.49,CI,2021-11-28 05:42:08,few clouds
213,Olinda,-8.0089,-34.8553,80.33,78,40,3.44,BR,2021-11-28 05:42:09,scattered clouds
214,Osorno,-40.5667,-73.15,38.07,95,9,0.98,CL,2021-11-28 05:42:09,clear sky
215,Saint-Pierre,-21.3393,55.4781,83.84,88,90,13.8,RE,2021-11-28 05:42:10,mist
216,Victoria,22.2855,114.1577,76.96,50,80,4.72,HK,2021-11-28 05:42:10,broken clouds
217,Teluknaga,-6.0989,106.6381,89.78,66,40,16.11,ID,2021-11-28 05:42:10,scattered clouds
218,Jingdezhen,29.2947,117.2079,67.08,55,52,2.42,CN,2021-11-28 05:42:11,broken clouds
219,Myanaung,18.2833,95.3167,83.64,62,0,9.78,MM,2021-11-28 05:42:11,clear sky
220,Grenville,12.1167,-61.6167,80.65,81,45,13.38,GD,2021-11-28 05:42:12,scattered clouds
221,San Andres,12.5847,-81.7006,80.62,83,75,12.66,CO,2021-11-28 05:42:12,broken clouds
222,Tautira,-17.7333,-149.15,80.62,80,43,17.16,PF,2021-11-28 05:42:12,light rain
223,Saldanha,-33.0117,17.9442,62.65,91,90,11.32,ZA,2021-11-28 05:42:13,overcast clouds
224,Padang,-0.9492,100.3543,85.69,62,98,6.24,ID,2021-11-28 05:42:13,overcast clouds
225,Felanitx,39.4696,3.1483,48.72,73,14,16.93,ES,2021-11-28 05:42:13,few clouds
226,Pombas,17.1503,-25.0201,73.18,80,100,18.3,CV,2021-11-28 05:42:14,overcast clouds
227,Fukue,32.6881,128.8419,57.56,51,0,6.91,JP,2021-11-28 05:43:14,clear sky
228,Port Hedland,-20.3167,118.5667,93.25,38,14,27.63,AU,2021-11-28 05:43:15,few clouds
229,Betioky,-23.7167,44.3833,75.51,39,0,11.34,MG,2021-11-28 05:43:15,clear sky
230,Dicabisagan,17.0818,122.4157,78.4,89,99,6.24,PH,2021-11-28 05:43:15,overcast clouds
231,Cherskiy,68.75,161.3,-17.45,89,36,2.13,RU,2021-11-28 05:43:16,scattered clouds
232,Cabo San Lucas,22.8909,-109.9124,72.7,77,100,8.81,MX,2021-11-28 05:41:44,overcast clouds
233,Evensk,61.95,159.2333,13.55,94,100,7.87,RU,2021-11-28 05:43:16,light snow
234,Kristiansund,63.1115,7.732,21.85,79,3,6.91,NO,2021-11-28 05:43:17,clear sky
235,San Quintin,30.4833,-115.95,60.82,68,0,2.66,MX,2021-11-28 05:43:17,clear sky
236,Ustka,54.5805,16.8619,35.55,95,100,10.58,PL,2021-11-28 05:43:17,overcast clouds
237,Srivardhan,18.0333,73.0167,85.57,41,69,4.43,IN,2021-11-28 05:43:18,broken clouds
238,Dawson Creek,55.7666,-120.2362,29.84,74,1,10.36,CA,2021-11-28 05:40:33,clear sky
239,Manta,-0.95,-80.7333,73.18,88,90,6.91,EC,2021-11-28 05:43:18,overcast clouds
240,Narsaq,60.9167,-46.05,39.42,100,100,0.51,GL,2021-11-28 05:43:19,light rain
241,Torbay,47.6666,-52.7314,47.17,87,90,13.8,CA,2021-11-28 05:43:19,overcast clouds
242,Amiens,49.9,2.3,40.06,94,100,18.86,FR,2021-11-28 05:43:19,moderate rain
243,Bilibino,68.0546,166.4372,-21.96,96,71,4.14,RU,2021-11-28 05:43:20,broken clouds
244,Batagay-Alyta,67.8006,130.4114,-6.92,94,100,4.34,RU,2021-11-28 05:43:20,overcast clouds
245,Genhe,50.7833,121.5167,18.36,86,100,3.38,CN,2021-11-28 05:43:20,light snow
246,Broome,42.2506,-75.833,29.17,74,90,4.61,US,2021-11-28 05:43:21,light snow
247,Tymovskoye,50.8456,142.655,25.63,94,79,0.85,RU,2021-11-28 05:43:21,broken clouds
248,Kandrian,-6.2167,149.55,85.68,65,79,8.88,PG,2021-11-28 05:43:22,broken clouds
249,Toora-Khem,52.4675,96.11,12.22,69,100,1.41,RU,2021-11-28 05:43:22,overcast clouds
250,Virginia Beach,36.8529,-75.978,42.82,48,20,4.61,US,2021-11-28 05:40:03,few clouds
251,Fare,-16.7,-151.0167,80.91,75,29,14.79,PF,2021-11-28 05:43:23,scattered clouds
252,Flin Flon,54.7682,-101.865,10.26,96,14,5.26,CA,2021-11-28 05:43:23,few clouds
253,Coquimbo,-29.9533,-71.3436,56.93,88,0,2.3,CL,2021-11-28 05:43:16,clear sky
254,Svetlaya,46.5389,138.3297,35.8,66,50,4.05,RU,2021-11-28 05:43:23,scattered clouds
255,Husavik,66.0449,-17.3389,30.11,84,100,8.84,IS,2021-11-28 05:43:24,overcast clouds
256,Khash,28.2211,61.2158,62.47,25,0,2.55,IR,2021-11-28 05:43:24,clear sky
257,Pimentel,-6.8367,-79.9342,65.12,87,99,10.25,PE,2021-11-28 05:43:25,overcast clouds
258,Bayan,46.0833,127.4,34.2,90,69,11.79,CN,2021-11-28 05:43:25,broken clouds
259,Bay Roberts,47.5999,-53.2648,47.95,84,100,13.65,CA,2021-11-28 05:43:25,overcast clouds
260,Los Llanos De Aridane,28.6585,-17.9182,60.55,72,75,9.22,ES,2021-11-28 05:43:26,broken clouds
261,Portland,45.5234,-122.6762,64.38,79,90,12.66,US,2021-11-28 05:41:17,overcast clouds
262,Buzdyak,54.5833,54.55,21.18,75,59,10.65,RU,2021-11-28 05:43:26,broken clouds
263,Kosa,59.9445,54.9977,28.98,85,100,12.37,RU,2021-11-28 05:43:27,overcast clouds
264,Kasongo-Lunda,-6.4667,16.8167,70.66,96,82,1.01,CD,2021-11-28 05:43:27,broken clouds
265,Ust-Shonosha,61.1531,41.343,21.42,95,100,8.12,RU,2021-11-28 05:43:27,light snow
266,Mezen,65.8522,44.24,3.92,93,89,7.16,RU,2021-11-28 05:43:28,overcast clouds
267,Umm Lajj,25.0213,37.2685,82.06,43,6,0.83,SA,2021-11-28 05:43:28,clear sky
268,Arrifes,37.7667,-25.7,57.45,72,75,5.75,PT,2021-11-28 05:43:28,broken clouds
269,Kastamonu,41.5,33.6667,45.52,94,91,3.09,TR,2021-11-28 05:43:29,light rain
270,Tazovskiy,67.4667,78.7,0.07,96,100,5.5,RU,2021-11-28 05:43:29,overcast clouds
271,Valday,57.9747,33.2525,32.4,98,100,7.52,RU,2021-11-28 05:43:29,light snow
272,Saint George,37.1041,-113.5841,46.99,29,1,3.44,US,2021-11-28 05:41:02,clear sky
273,Avarua,-21.2078,-159.775,75.25,83,75,3.44,CK,2021-11-28 05:41:03,broken clouds
274,Banepa,27.6298,85.5214,61.12,67,20,2.3,NP,2021-11-28 05:44:30,haze
275,Tongchuan,35.0806,109.0897,50.36,48,8,3.58,CN,2021-11-28 05:44:30,clear sky
276,Chokurdakh,70.6333,147.9167,-33.61,100,100,1.77,RU,2021-11-28 05:44:31,overcast clouds
277,Acoua,-12.7239,45.0582,82.31,78,44,5.19,YT,2021-11-28 05:44:31,moderate rain
278,Ambilobe,-13.2,49.05,86.83,52,30,3.91,MG,2021-11-28 05:44:31,scattered clouds
279,Mayo,38.8876,-76.5119,42.78,60,90,3.44,US,2021-11-28 05:44:32,overcast clouds
280,Rockport,28.0206,-97.0544,55.42,97,90,13.8,US,2021-11-28 05:44:32,overcast clouds
281,Barra Dos Coqueiros,-10.9089,-37.0386,77.02,88,40,5.75,BR,2021-11-28 05:44:32,scattered clouds
282,Sechura,-5.5569,-80.8222,65.86,81,82,9.33,PE,2021-11-28 05:44:33,broken clouds
283,Sinop,41.7711,34.8709,48.63,86,100,9.28,TR,2021-11-28 05:44:33,overcast clouds
284,Kaeo,-35.1,173.7833,66.25,71,91,5.21,NZ,2021-11-28 05:44:33,overcast clouds
285,Rio De Jesus,7.9844,-81.1631,72.97,92,64,1.57,PA,2021-11-28 05:44:34,broken clouds
286,Amreli,21.6167,71.2333,84.65,29,75,10.89,IN,2021-11-28 05:44:34,broken clouds
287,Naqadeh,36.9553,45.388,49.91,48,55,2.3,IR,2021-11-28 05:44:34,broken clouds
288,Ialibu,-6.2821,143.9935,68.63,94,90,2.06,PG,2021-11-28 05:44:35,overcast clouds
289,Isangel,-19.55,169.2667,82.51,78,75,9.22,VU,2021-11-28 05:44:35,broken clouds
290,Olafsvik,64.8945,-23.7142,36.21,98,100,13.47,IS,2021-11-28 05:44:36,light rain
291,Varhaug,58.6147,5.6457,22.55,69,56,4.52,NO,2021-11-28 05:44:36,broken clouds
292,Lebyazhye,55.2689,66.4947,18.99,88,82,9.84,RU,2021-11-28 05:44:36,broken clouds
293,Victoria Point,-27.5833,153.3,79.02,73,95,17.76,AU,2021-11-28 05:44:37,overcast clouds
294,Santiago Del Estero,-27.7951,-64.2615,70.27,79,92,23.51,AR,2021-11-28 05:44:37,overcast clouds
295,Ust-Omchug,61.15,149.6333,-14.33,84,100,1.72,RU,2021-11-28 05:44:37,overcast clouds
296,Erdenet,49.0333,104.0833,15.39,67,59,5.93,MN,2021-11-28 05:44:38,broken clouds
297,Dasoguz,41.8363,59.9666,33.91,59,0,9.22,TM,2021-11-28 05:44:38,clear sky
298,Quatre Cocos,-20.2078,57.7625,84.31,59,3,9.37,MU,2021-11-28 05:44:38,clear sky
299,Quesnel,52.9999,-122.5029,43.3,70,90,10.36,CA,2021-11-28 05:44:39,overcast clouds
300,Brae,60.3964,-1.353,30.11,58,95,16.31,GB,2021-11-28 05:44:39,overcast clouds
301,Sola,-13.8833,167.55,81.81,72,82,6.85,VU,2021-11-28 05:44:39,broken clouds
302,Phangnga,8.4509,98.5298,82.44,68,82,7.92,TH,2021-11-28 05:44:40,broken clouds
303,Kjollefjord,70.9457,27.3465,13.82,73,0,12.66,NO,2021-11-28 05:44:40,clear sky
304,Westport,41.1415,-73.3579,35.74,59,1,4.61,US,2021-11-28 05:41:17,clear sky
305,Shigony,53.3875,48.6777,30.74,97,100,16.44,RU,2021-11-28 05:44:41,snow
306,Vestmannaeyjar,63.4427,-20.2734,39.56,82,100,7.94,IS,2021-11-28 05:44:41,light rain
307,Lieksa,63.3167,30.0167,14.74,93,100,10.69,FI,2021-11-28 05:44:41,overcast clouds
308,Verkhnevilyuysk,63.4453,120.3167,-1.61,91,100,8.01,RU,2021-11-28 05:44:42,overcast clouds
309,Pampa,35.5362,-100.9599,45.55,60,1,6.91,US,2021-11-28 05:44:42,clear sky
310,Tumaco,1.7986,-78.8156,75.47,90,97,6.02,CO,2021-11-28 05:44:42,light rain
311,Bubaque,11.2833,-15.8333,82.45,72,83,12.15,GW,2021-11-28 05:44:43,broken clouds
312,Vila,42.0304,-8.1588,29.28,91,9,4.63,PT,2021-11-28 05:44:43,clear sky
313,Finschhafen,-6.6024,147.8681,85.5,68,85,7.09,PG,2021-11-28 05:44:43,overcast clouds
314,Puerto Asis,0.5133,-76.5007,70.97,96,87,0.98,CO,2021-11-28 05:44:44,overcast clouds
315,Chimore,-16.9833,-65.1333,72.41,99,69,0.63,BO,2021-11-28 05:44:44,broken clouds
316,Traiguen,-38.25,-72.6833,38.53,96,0,2.93,CL,2021-11-28 05:44:44,clear sky
317,Beringovskiy,63.05,179.3167,1.89,97,94,6.04,RU,2021-11-28 05:44:45,overcast clouds
318,Zhanaozen,43.3,52.8,40.41,32,22,12.1,KZ,2021-11-28 05:44:45,few clouds
319,Bojnurd,37.4747,57.329,35.55,75,0,0.0,IR,2021-11-28 05:44:45,clear sky
320,Jacksonville,30.3322,-81.6556,48.2,88,1,3.44,US,2021-11-28 05:43:31,clear sky
321,Lumphat,13.4878,106.9816,81.01,72,99,4.23,KH,2021-11-28 05:45:46,overcast clouds
322,Shache,38.4167,77.2406,36.1,31,77,3.58,CN,2021-11-28 05:45:46,broken clouds
323,Kaiyuan,23.6977,103.3037,67.95,61,67,3.69,CN,2021-11-28 05:45:47,broken clouds
324,Ipora,-16.4419,-51.1178,69.55,94,37,0.36,BR,2021-11-28 05:45:47,scattered clouds
325,Anjangaon,21.1631,77.3094,79.74,28,55,7.83,IN,2021-11-28 05:45:47,broken clouds
326,Guatire,10.4762,-66.5427,73.9,98,57,0.81,VE,2021-11-28 05:45:48,broken clouds
327,Biu,10.6129,12.1946,67.3,29,70,6.58,NG,2021-11-28 05:45:48,broken clouds
328,Yuci,37.6803,112.7319,51.55,28,4,4.47,CN,2021-11-28 05:45:48,clear sky
329,Trairi,-3.2778,-39.2689,80.64,76,73,8.79,BR,2021-11-28 05:41:04,broken clouds
330,Tabuk,17.4189,121.4443,81.7,75,92,8.46,PH,2021-11-28 05:45:49,overcast clouds
331,Gotsu,35.0,132.2167,55.54,47,1,6.71,JP,2021-11-28 05:45:49,clear sky
332,Lompoc,34.6391,-120.4579,53.91,69,1,5.75,US,2021-11-28 05:41:25,clear sky
333,Maragogi,-9.0122,-35.2225,79.36,71,100,8.23,BR,2021-11-28 05:45:00,overcast clouds
334,La Rioja,42.25,-2.5,29.98,95,100,14.92,ES,2021-11-28 05:45:50,snow
335,Werda,-25.2667,23.2833,72.88,56,7,21.39,BW,2021-11-28 05:45:50,clear sky
336,Carballo,43.213,-8.691,40.69,86,80,4.97,ES,2021-11-28 05:45:51,broken clouds
337,Tiksi,71.6872,128.8694,-8.45,97,100,6.53,RU,2021-11-28 05:42:13,overcast clouds
338,Vila Velha,-20.3297,-40.2925,73.35,83,0,9.22,BR,2021-11-28 05:45:51,clear sky
339,Vardo,70.3705,31.1107,23.23,77,26,12.82,NO,2021-11-28 05:42:21,scattered clouds
340,Diamantino,-14.4086,-56.4461,74.1,87,100,4.63,BR,2021-11-28 05:45:18,overcast clouds
341,Picui,-6.5106,-36.3469,71.46,87,54,10.96,BR,2021-11-28 05:45:52,broken clouds
342,Invergordon,57.6886,-4.1675,33.82,86,75,9.22,GB,2021-11-28 05:45:53,light rain
343,Nelson Bay,-32.7167,152.15,66.25,72,97,14.56,AU,2021-11-28 05:45:53,moderate rain
344,Flinders,-34.5833,150.8552,63.68,69,82,11.03,AU,2021-11-28 05:45:53,broken clouds
345,Ponta Do Sol,32.6667,-17.1,65.03,74,48,6.49,PT,2021-11-28 05:45:54,scattered clouds
346,Cidreira,-30.1811,-50.2056,69.3,94,88,3.29,BR,2021-11-28 05:45:54,overcast clouds
347,Celestun,20.8667,-90.4,72.57,87,40,8.25,MX,2021-11-28 05:45:55,scattered clouds
348,Salinopolis,-0.6136,-47.3561,79.61,80,47,8.72,BR,2021-11-28 05:45:55,scattered clouds
349,Lanxi,29.2195,119.477,64.15,66,65,6.44,CN,2021-11-28 05:45:55,broken clouds
350,Kantang,7.4054,99.5156,77.09,100,40,3.44,TH,2021-11-28 05:45:56,scattered clouds
351,Bintulu,3.1667,113.0333,84.61,84,40,2.3,MY,2021-11-28 05:45:56,scattered clouds
352,Grand Gaube,-20.0064,57.6608,84.6,66,4,9.06,MU,2021-11-28 05:45:56,clear sky
353,Presidencia Roque Saenz Pena,-26.7852,-60.4388,67.44,92,100,5.35,AR,2021-11-28 05:42:32,moderate rain
354,Cotonou,6.3654,2.4183,78.78,94,20,2.3,BJ,2021-11-28 05:45:57,few clouds
355,Poltavka,54.3663,71.7632,17.38,90,85,10.02,RU,2021-11-28 05:45:57,overcast clouds
356,Salalah,17.0151,54.0924,82.49,30,0,4.61,OM,2021-11-28 05:45:57,clear sky
357,Salta,-24.7859,-65.4117,71.89,77,0,2.3,AR,2021-11-28 05:45:58,clear sky
358,Ilulissat,69.2167,-51.1,24.82,58,100,16.11,GL,2021-11-28 05:45:59,overcast clouds
359,Port Elizabeth,-33.918,25.5701,75.49,50,0,10.36,ZA,2021-11-28 05:45:59,clear sky
360,Mangrol,21.1167,70.1167,83.01,46,97,5.5,IN,2021-11-28 05:45:59,overcast clouds
361,Yulara,-25.2406,130.9889,85.84,14,0,11.5,AU,2021-11-28 05:46:00,clear sky
362,Moussoro,13.6408,16.4901,72.3,17,21,11.32,TD,2021-11-28 05:46:00,few clouds
363,Shingu,33.7333,135.9833,58.19,51,0,5.03,JP,2021-11-28 05:46:01,clear sky
364,Dzaoudzi,-12.7887,45.2699,82.29,74,75,12.66,YT,2021-11-28 05:46:01,light rain
365,Kholtoson,50.2981,103.3097,16.65,67,15,6.15,RU,2021-11-28 05:47:02,few clouds
366,Luanda,-8.8368,13.2343,75.2,94,75,8.05,AO,2021-11-28 05:47:02,broken clouds
367,Oyo,7.85,3.9333,73.24,93,100,3.0,NG,2021-11-28 05:47:02,overcast clouds
368,Alice Springs,-23.7,133.8833,81.95,21,0,5.75,AU,2021-11-28 05:43:47,clear sky
369,Roma,43.2128,-75.4557,31.86,86,90,0.0,US,2021-11-28 05:47:03,overcast clouds
370,Lavrentiya,65.5833,-171.0,-10.98,94,6,7.27,RU,2021-11-28 05:47:03,clear sky
371,La Mira,18.035,-102.3266,72.3,82,10,3.8,MX,2021-11-28 05:47:04,clear sky
372,Lucea,18.451,-78.1736,76.86,68,2,9.19,JM,2021-11-28 05:47:04,clear sky
373,Lubango,-14.9172,13.4925,67.42,32,100,1.57,AO,2021-11-28 05:47:04,overcast clouds
374,Dandong,40.1292,124.3947,42.49,64,99,7.47,CN,2021-11-28 05:47:05,overcast clouds
375,Mugur-Aksy,50.35,90.5,15.85,76,85,6.38,RU,2021-11-28 05:47:05,overcast clouds
376,Nancha,47.1333,129.2667,35.17,79,100,2.73,CN,2021-11-28 05:47:05,overcast clouds
377,Adre,13.4667,22.2,68.63,22,3,13.96,TD,2021-11-28 05:47:06,clear sky
378,Plouzane,48.3833,-4.6167,42.85,87,75,8.05,FR,2021-11-28 05:47:06,light rain
379,Dubbo,-32.25,148.6167,69.93,60,86,14.97,AU,2021-11-28 05:45:31,light rain
380,Kavaratti,10.5669,72.642,82.89,71,100,9.69,IN,2021-11-28 05:47:07,overcast clouds
381,Port Hardy,50.6996,-127.4199,48.2,93,90,18.41,CA,2021-11-28 05:47:07,moderate rain
382,Miandrivazo,-19.5167,45.4667,86.74,43,15,2.95,MG,2021-11-28 05:47:08,few clouds
383,Ust-Tarka,55.5672,75.705,20.41,93,99,11.01,RU,2021-11-28 05:47:08,overcast clouds
384,Xuddur,4.1213,43.8894,79.2,67,15,13.13,SO,2021-11-28 05:47:09,few clouds
385,Sumbe,-11.2061,13.8437,73.83,93,100,3.11,AO,2021-11-28 05:47:09,moderate rain
386,Puerto Del Rosario,28.5004,-13.8627,62.35,77,4,10.36,ES,2021-11-28 05:47:09,clear sky
387,Linxia,35.6003,103.2064,35.33,74,90,8.08,CN,2021-11-28 05:47:10,overcast clouds
388,Mountain Home,43.133,-115.6912,36.34,100,1,8.05,US,2021-11-28 05:47:10,clear sky
389,Itarema,-2.9248,-39.9167,79.93,78,69,9.78,BR,2021-11-28 05:47:11,broken clouds
390,Vao,-22.6667,167.4833,75.54,86,84,17.92,NC,2021-11-28 05:47:11,light rain
391,Medzilaborce,49.2719,21.9007,39.9,99,100,3.15,SK,2021-11-28 05:47:12,light rain
392,Kruisfontein,-34.0033,24.7314,73.47,44,23,13.33,ZA,2021-11-28 05:47:12,few clouds
393,Belyy Yar,53.6039,91.3903,31.89,47,0,20.13,RU,2021-11-28 05:42:30,clear sky
394,Ostrovnoy,68.0531,39.5131,7.11,93,79,6.67,RU,2021-11-28 05:47:13,broken clouds
395,Pedernales,18.0384,-71.744,77.02,74,29,3.06,DO,2021-11-28 05:47:13,scattered clouds
396,Camacha,33.0833,-16.3333,62.02,55,40,21.85,PT,2021-11-28 05:47:13,scattered clouds
397,La Mana,-0.9333,-79.2167,72.1,91,99,0.74,EC,2021-11-28 05:47:14,overcast clouds
398,Montecristi,-1.05,-80.6667,71.42,88,90,6.91,EC,2021-11-28 05:47:14,overcast clouds
399,Green River,41.5286,-109.4662,36.0,68,89,8.23,US,2021-11-28 05:47:15,overcast clouds
400,Manbij,36.5281,37.9549,54.37,64,100,8.28,SY,2021-11-28 05:47:15,overcast clouds
401,Christchurch,-43.5333,172.6333,57.4,88,75,14.97,NZ,2021-11-28 05:46:13,broken clouds
402,Cao Bang,22.6667,106.25,75.13,46,49,3.29,VN,2021-11-28 05:47:16,scattered clouds
403,Rokiskis,55.9667,25.5833,32.38,99,100,5.68,LT,2021-11-28 05:47:16,overcast clouds
404,Marolambo,-20.05,48.1167,64.51,95,100,3.8,MG,2021-11-28 05:47:16,overcast clouds
405,Norrtalje,59.758,18.705,28.33,57,100,10.2,SE,2021-11-28 05:47:17,overcast clouds
406,Viedma,-40.8135,-62.9967,56.46,90,74,7.65,AR,2021-11-28 05:47:17,broken clouds
407,Lagoa,39.05,-27.9833,61.16,61,97,7.11,PT,2021-11-28 05:47:17,overcast clouds
408,Truro,50.2653,-5.0544,43.88,70,75,21.85,GB,2021-11-28 05:47:18,broken clouds
409,Riyadh,24.6877,46.7219,66.25,32,0,5.75,SA,2021-11-28 05:44:09,clear sky
410,Hun,29.1268,15.9477,71.46,28,100,12.41,LY,2021-11-28 05:47:18,overcast clouds
411,Bulaevo,54.9056,70.4439,17.58,91,92,10.31,KZ,2021-11-28 05:47:18,overcast clouds
412,Katsuura,35.1333,140.3,57.31,43,0,8.48,JP,2021-11-28 05:48:19,clear sky
413,Leshukonskoye,64.8989,45.7622,5.58,96,100,5.68,RU,2021-11-28 05:48:19,overcast clouds
414,Kirkwall,58.9848,-2.9587,33.85,93,75,10.36,GB,2021-11-28 05:48:19,light snow
415,Artyom,40.4723,50.333,51.94,84,86,9.33,AZ,2021-11-28 05:48:20,overcast clouds
416,Khanpur,28.6453,70.6567,79.38,15,0,9.4,PK,2021-11-28 05:44:32,clear sky
417,Aden,12.7794,45.0367,82.27,59,0,9.22,YE,2021-11-28 05:48:20,clear sky
418,Matara,5.9485,80.5353,83.12,72,100,5.12,LK,2021-11-28 05:48:21,overcast clouds
419,Vangaindrano,-23.35,47.6,72.5,55,87,8.21,MG,2021-11-28 05:48:21,overcast clouds
420,Tommot,58.9564,126.2925,3.36,88,99,8.46,RU,2021-11-28 05:48:21,overcast clouds
421,Severo-Kurilsk,50.6789,156.125,30.25,70,95,28.23,RU,2021-11-28 05:48:22,overcast clouds
422,Ust-Karsk,52.7011,118.8077,17.42,76,100,2.13,RU,2021-11-28 05:48:22,overcast clouds
423,Gayny,60.3071,54.3241,31.59,84,100,11.68,RU,2021-11-28 05:48:22,overcast clouds
424,Batemans Bay,-35.7167,150.1833,61.79,64,92,7.18,AU,2021-11-28 05:48:23,overcast clouds
425,Maraa,-1.8333,-65.3667,72.99,96,70,2.33,BR,2021-11-28 05:48:23,broken clouds
426,Zhangye,38.9342,100.4517,26.4,70,100,14.9,CN,2021-11-28 05:43:28,overcast clouds
427,Mount Gambier,-37.8333,140.7667,75.11,46,1,14.97,AU,2021-11-28 05:48:24,clear sky
428,Pacifica,37.6138,-122.4869,58.6,69,20,0.0,US,2021-11-28 05:48:24,few clouds
429,San Felipe,10.3399,-68.7425,72.75,98,83,2.08,VE,2021-11-28 05:48:25,broken clouds
430,Eldorado,-23.7869,-54.2836,65.97,76,0,2.8,BR,2021-11-28 05:48:25,clear sky
431,Saint-Leu,-21.15,55.2833,83.23,75,89,5.99,RE,2021-11-28 05:48:25,light rain
432,Coahuayana,18.7333,-103.6833,71.73,88,5,3.89,MX,2021-11-28 05:48:26,clear sky
433,Gelgaudiskis,55.0792,22.9758,34.3,98,100,6.98,LT,2021-11-28 05:48:26,overcast clouds
434,Swellendam,-34.0226,20.4417,66.81,71,54,6.78,ZA,2021-11-28 05:48:26,broken clouds
435,Edd,13.9297,41.6925,85.6,53,0,4.88,ER,2021-11-28 05:48:27,clear sky
436,Nemuro,43.3236,145.575,39.63,59,82,14.5,JP,2021-11-28 05:48:27,broken clouds
437,Kavieng,-2.5744,150.7967,84.81,65,39,3.04,PG,2021-11-28 05:48:28,scattered clouds
438,Port Macquarie,-31.4333,152.9167,66.16,73,100,10.42,AU,2021-11-28 05:48:28,overcast clouds
439,Nuuk,64.1835,-51.7216,43.41,93,90,26.46,GL,2021-11-28 05:48:29,light snow
440,Barahona,18.2085,-71.1008,75.15,82,19,2.42,DO,2021-11-28 05:48:29,few clouds
441,Chapais,49.7834,-74.8492,17.38,91,100,12.17,CA,2021-11-28 05:48:29,overcast clouds
442,Sept-Iles,50.2001,-66.3821,32.52,100,75,0.0,CA,2021-11-28 05:48:30,broken clouds
443,Navirai,-23.065,-54.1906,66.49,68,0,3.6,BR,2021-11-28 05:48:30,clear sky
444,Naze,28.3667,129.4833,65.32,62,41,20.51,JP,2021-11-28 05:48:31,scattered clouds
445,Poum,-20.2333,164.0167,80.02,76,13,6.62,NC,2021-11-28 05:48:31,few clouds
446,Kabo,7.6994,18.629,73.42,26,87,1.61,CF,2021-11-28 05:48:32,overcast clouds
447,Kitchener,43.4254,-80.5112,26.37,93,90,3.44,CA,2021-11-28 05:45:04,overcast clouds
448,Manitouwadge,49.1215,-85.8403,27.32,98,100,1.83,CA,2021-11-28 05:48:32,light snow
449,Kingman,35.1894,-114.053,53.08,24,1,3.44,US,2021-11-28 05:43:55,clear sky
450,Doka,13.5167,35.7667,82.94,45,0,12.68,SD,2021-11-28 05:48:32,clear sky
451,Aberdeen,57.1437,-2.0981,34.29,75,72,8.05,GB,2021-11-28 05:46:04,broken clouds
452,Nome,64.5011,-165.4064,-18.33,76,1,0.0,US,2021-11-28 05:48:33,clear sky
453,Letterkenny,54.95,-7.7333,38.95,94,100,4.03,IE,2021-11-28 05:48:34,light rain
454,Yatou,37.15,122.3833,53.46,59,100,11.45,CN,2021-11-28 05:49:34,overcast clouds
455,Villanueva,15.3167,-88.0,68.99,88,20,4.61,HN,2021-11-28 05:49:34,few clouds
456,North Platte,41.1239,-100.7654,37.29,65,1,0.0,US,2021-11-28 05:49:35,clear sky
457,Podgorica,42.4411,19.2636,58.5,82,75,13.8,ME,2021-11-28 05:49:35,broken clouds
458,Gillette,44.2911,-105.5022,38.32,56,1,17.27,US,2021-11-28 05:49:35,clear sky
459,Qui Nhon,13.7667,109.2333,77.29,93,100,13.58,VN,2021-11-28 05:49:36,moderate rain
460,Tecoanapa,16.5167,-98.75,75.15,84,34,4.81,MX,2021-11-28 05:49:36,scattered clouds
461,Acapulco,16.8634,-99.8901,76.87,79,14,3.49,MX,2021-11-28 05:49:37,few clouds
462,Bairiki,1.3292,172.9752,86.0,66,20,12.66,KI,2021-11-28 05:49:37,few clouds
463,Eregli,37.5133,34.0467,56.66,53,100,4.79,TR,2021-11-28 05:49:38,overcast clouds
464,Port-Gentil,-0.7193,8.7815,76.96,94,40,2.3,GA,2021-11-28 05:49:38,scattered clouds
465,Tocopilla,-22.092,-70.1979,63.63,74,37,4.72,CL,2021-11-28 05:49:38,scattered clouds
466,Yabelo,4.8833,38.0833,66.92,59,86,19.1,ET,2021-11-28 05:49:39,overcast clouds
467,Alekseyevsk,57.8406,108.3492,14.14,92,100,11.59,RU,2021-11-28 05:49:39,light snow
468,Sayhat,26.4852,50.0405,75.18,41,0,16.98,SA,2021-11-28 05:49:39,clear sky
469,Najran,17.4924,44.1277,65.05,33,1,5.28,SA,2021-11-28 05:49:40,clear sky
470,Broken Hill,-31.95,141.4333,74.91,31,90,16.11,AU,2021-11-28 05:49:40,overcast clouds
471,Tarpon Springs,28.1461,-82.7568,58.95,81,1,0.0,US,2021-11-28 05:44:59,clear sky
472,Meulaboh,4.1363,96.1285,77.83,91,100,15.1,ID,2021-11-28 05:49:40,overcast clouds
473,Saint-Georges,12.0564,-61.7485,80.28,83,20,2.3,GD,2021-11-28 05:48:27,few clouds
474,Maraba,-5.3686,-49.1178,77.18,100,20,0.0,BR,2021-11-28 05:49:41,few clouds
475,Touros,-5.1989,-35.4608,79.7,73,95,10.42,BR,2021-11-28 05:49:42,overcast clouds
476,Uttaradit,17.6667,100.5,81.36,44,45,1.95,TH,2021-11-28 05:49:42,scattered clouds
477,Adzope,6.1069,-3.8619,72.19,98,54,1.66,CI,2021-11-28 05:49:42,broken clouds
478,Namibe,-15.1961,12.1522,68.52,74,60,2.15,AO,2021-11-28 05:49:43,broken clouds
479,Yala,6.3333,101.25,83.55,96,100,1.81,TH,2021-11-28 05:49:43,moderate rain
480,Port Lincoln,-34.7333,135.8667,68.56,55,2,11.1,AU,2021-11-28 05:49:43,clear sky
481,Barstow,34.8986,-117.0228,47.75,9,0,1.12,US,2021-11-28 05:46:45,clear sky
482,Betong,5.7743,101.0723,76.75,95,100,1.97,TH,2021-11-28 05:49:44,light rain
483,Maceio,-9.6658,-35.7353,78.24,88,20,4.61,BR,2021-11-28 05:49:44,moderate rain
484,George,-33.963,22.4617,67.55,64,20,6.91,ZA,2021-11-28 05:49:45,few clouds
485,Warora,20.2333,79.0,79.88,32,54,10.27,IN,2021-11-28 05:49:45,broken clouds
486,Natal,-5.795,-35.2094,79.45,89,40,3.44,BR,2021-11-28 05:49:46,scattered clouds
487,Goure,13.9835,10.2704,69.57,19,90,8.23,NE,2021-11-28 05:49:46,overcast clouds
488,Peniche,39.3558,-9.3811,49.48,68,43,20.69,PT,2021-11-28 05:49:46,scattered clouds
489,Lubao,14.9167,120.55,89.67,93,100,12.03,PH,2021-11-28 05:49:47,overcast clouds
490,Iberia,29.9502,-91.7507,53.67,87,90,3.44,US,2021-11-28 05:49:47,light rain
491,Cartagena,10.3997,-75.5144,78.42,94,0,3.44,CO,2021-11-28 05:49:47,clear sky
492,Awbari,26.5921,12.7805,69.48,26,100,14.97,LY,2021-11-28 05:49:48,overcast clouds
493,Emerald,-23.5333,148.1667,91.54,49,40,6.91,AU,2021-11-28 05:45:21,scattered clouds
494,Houma,29.5958,-90.7195,55.4,66,100,3.2,US,2021-11-28 05:49:48,overcast clouds
495,Muchkapskiy,51.8513,42.4717,37.02,97,100,10.49,RU,2021-11-28 05:49:49,heavy intensity rain
496,Abashiri,44.0213,144.2697,41.29,65,40,8.05,JP,2021-11-28 05:49:49,scattered clouds
497,Luwuk,-0.9516,122.7875,81.73,84,91,2.91,ID,2021-11-28 05:49:49,overcast clouds
498,Adrar,20.5022,-10.0711,59.9,43,52,14.41,MR,2021-11-28 05:49:50,broken clouds
499,Troitskoye,52.9821,84.6757,23.58,72,100,17.0,RU,2021-11-28 05:49:50,overcast clouds
500,Vadinsk,53.6916,43.0574,34.54,100,100,13.29,RU,2021-11-28 05:50:50,overcast clouds
501,Karratha,-20.7377,116.8463,95.5,29,0,20.04,AU,2021-11-28 05:50:51,clear sky
502,Gornopravdinsk,60.05,69.9,23.68,95,92,8.52,RU,2021-11-28 05:50:51,overcast clouds
503,Jiaohe,43.7286,127.3447,32.81,78,86,1.95,CN,2021-11-28 05:50:51,overcast clouds
504,Pisco,-13.7,-76.2167,62.65,88,0,0.0,PE,2021-11-28 05:50:52,clear sky
505,Whyalla,-33.0333,137.5833,80.49,24,0,11.5,AU,2021-11-28 05:50:52,clear sky
506,Dzhebariki-Khaya,62.2167,135.8,-0.4,98,100,2.91,RU,2021-11-28 05:50:53,light snow
507,Bhabua,25.05,83.6167,77.34,36,37,5.28,IN,2021-11-28 05:50:53,scattered clouds
508,Sulphur,30.2366,-93.3774,51.8,90,90,0.0,US,2021-11-28 05:50:53,moderate rain
509,Oneonta,42.4529,-75.0638,25.7,78,89,4.0,US,2021-11-28 05:50:54,overcast clouds
510,North Bend,43.4065,-124.2243,55.31,100,90,5.75,US,2021-11-28 05:50:54,mist
511,Ahipara,-35.1667,173.1667,65.7,75,95,4.21,NZ,2021-11-28 05:50:54,overcast clouds
512,Komsomolskiy,40.4272,71.7189,45.32,61,43,2.3,UZ,2021-11-28 05:50:55,scattered clouds
513,Vilhena,-12.7406,-60.1458,68.54,99,100,3.47,BR,2021-11-28 05:50:55,overcast clouds
514,Chokwe,-24.5333,32.9833,74.88,48,9,8.32,MZ,2021-11-28 05:50:55,clear sky
515,Saint Simons,31.1352,-81.3901,44.64,96,40,0.0,US,2021-11-28 05:50:56,fog
516,Mozarlandia,-14.7447,-50.5706,73.65,89,87,5.37,BR,2021-11-28 05:50:56,overcast clouds
517,Sao Joao Da Barra,-21.6403,-41.0511,71.46,87,50,6.82,BR,2021-11-28 05:47:49,scattered clouds
518,Bennington,42.8781,-73.1968,26.37,92,1,0.0,US,2021-11-28 05:50:56,clear sky
519,Pacific Grove,36.6177,-121.9166,55.51,58,1,3.44,US,2021-11-28 05:50:57,clear sky
520,Teguldet,57.3064,88.1667,23.67,90,100,11.63,RU,2021-11-28 05:50:57,overcast clouds
521,San Vicente,-26.6167,-54.1333,59.95,94,32,1.12,AR,2021-11-28 05:50:58,scattered clouds
522,Asosa,10.0667,34.5333,76.86,39,65,1.1,ET,2021-11-28 05:50:58,broken clouds
523,Madimba,-10.4,40.3333,78.12,78,20,17.27,TZ,2021-11-28 05:50:58,few clouds
524,Dhidhdhoo,6.8833,73.1,80.96,76,100,7.25,MV,2021-11-28 05:50:59,overcast clouds
525,Hit,33.6416,42.8251,65.05,39,74,4.27,IQ,2021-11-28 05:50:59,broken clouds
526,Malacacheta,-17.8422,-42.0767,61.97,98,84,3.44,BR,2021-11-28 05:50:59,broken clouds
527,Vila Franca Do Campo,37.7167,-25.4333,59.41,69,67,6.53,PT,2021-11-28 05:51:00,broken clouds
528,Faya,18.3851,42.4509,57.31,31,0,7.11,SA,2021-11-28 05:51:00,clear sky
529,Anadyr,64.75,177.4833,-5.3,77,90,2.24,RU,2021-11-28 05:51:00,light snow
530,Great Falls,47.5002,-111.3008,49.39,49,1,17.27,US,2021-11-28 05:47:29,clear sky
531,Surt,31.2089,16.5887,72.41,45,100,11.77,LY,2021-11-28 05:51:01,overcast clouds
532,Mandali,33.7499,45.5541,67.21,36,100,12.73,IQ,2021-11-28 05:51:01,overcast clouds
533,Bayir,37.2687,28.2167,63.12,89,63,7.92,TR,2021-11-28 05:51:02,broken clouds
534,Salsomaggiore Terme,44.8148,9.9796,39.81,89,61,3.2,IT,2021-11-28 05:51:02,broken clouds
535,Hofn,64.2539,-15.2082,30.9,60,100,8.57,IS,2021-11-28 05:51:02,overcast clouds
536,Dombas,62.0696,9.1235,7.92,98,98,2.37,NO,2021-11-28 05:51:03,overcast clouds
537,Naranjal,-2.6667,-79.6167,73.2,90,93,2.46,EC,2021-11-28 05:51:03,overcast clouds
538,Wanning,18.8003,110.3967,74.19,82,100,17.74,CN,2021-11-28 05:51:04,overcast clouds
539,Suntar,62.1444,117.6319,1.58,91,88,6.26,RU,2021-11-28 05:51:04,overcast clouds
540,San Ignacio,17.1561,-89.0714,67.08,98,19,1.34,BZ,2021-11-28 05:51:04,few clouds
541,Dunedin,-45.8742,170.5036,58.03,79,0,12.3,NZ,2021-11-28 05:47:25,clear sky
542,Mahibadhoo,3.7833,72.9667,81.79,72,97,17.67,MV,2021-11-28 05:51:05,overcast clouds
543,Bulawayo,-20.15,28.5833,69.46,50,9,8.77,ZW,2021-11-28 05:51:05,clear sky
544,Meadow Lake,34.8014,-106.5436,44.04,34,0,6.33,US,2021-11-28 05:52:05,clear sky
545,Mujiayingzi,42.1167,118.7833,42.01,54,97,9.04,CN,2021-11-28 05:52:06,overcast clouds
546,Ratangarh,28.0833,74.6,76.35,28,9,3.89,IN,2021-11-28 05:52:06,clear sky
547,Uthal,25.8072,66.6219,83.07,13,1,4.14,PK,2021-11-28 05:52:07,clear sky
548,Mae Sai,20.4335,99.8762,76.32,51,32,2.17,TH,2021-11-28 05:52:07,scattered clouds
549,Mount Isa,-20.7333,139.5,94.77,16,0,9.22,AU,2021-11-28 05:49:18,clear sky
550,Pinega,64.7001,43.3936,2.07,98,100,5.03,RU,2021-11-28 05:52:07,overcast clouds
551,Begoro,6.3871,-0.3774,70.27,94,81,1.74,GH,2021-11-28 05:52:08,light rain
552,Vicuna,-30.0319,-70.7081,49.73,48,0,1.34,CL,2021-11-28 05:52:08,clear sky
553,Kuybyshevo,47.8123,38.9073,44.83,97,74,4.52,RU,2021-11-28 05:52:08,broken clouds
554,Les Cayes,18.2,-73.75,73.38,83,59,6.67,HT,2021-11-28 05:52:09,broken clouds
555,Lasa,46.6166,10.7002,35.06,95,100,5.66,IT,2021-11-28 05:52:09,moderate rain
556,Novyy Urengoy,66.0833,76.6333,-4.2,99,87,8.5,RU,2021-11-28 05:52:09,overcast clouds
557,Parkes,-33.1333,148.1833,65.77,67,96,7.4,AU,2021-11-28 05:52:10,overcast clouds
558,Kamenka,51.3223,42.7678,37.83,95,100,10.94,RU,2021-11-28 05:50:46,overcast clouds
559,Marsabit,2.3284,37.9899,67.77,75,87,9.35,KE,2021-11-28 05:52:10,light rain
560,Cesvaine,56.9667,26.3167,25.83,96,98,2.19,LV,2021-11-28 05:52:11,overcast clouds
561,Ayan,56.45,138.1667,16.66,58,100,18.75,RU,2021-11-28 05:52:11,overcast clouds
562,Zheleznodorozhnyy,55.7503,38.0042,41.41,87,100,9.75,RU,2021-11-28 05:52:11,overcast clouds
563,Ilo,-17.6394,-71.3375,64.22,85,99,7.34,PE,2021-11-28 05:52:12,overcast clouds
564,Kenai,60.5544,-151.2583,5.05,85,90,0.0,US,2021-11-28 05:51:03,mist
565,Tabou,4.423,-7.3528,78.4,86,16,6.73,CI,2021-11-28 05:52:12,light rain
566,The Pas,53.8251,-101.2541,19.42,79,1,12.66,CA,2021-11-28 05:52:12,clear sky
567,Puerto Escondido,15.85,-97.0667,77.05,63,67,4.85,MX,2021-11-28 05:52:13,broken clouds
568,Marawi,7.9986,124.2928,77.79,81,100,5.68,PH,2021-11-28 05:52:13,overcast clouds
569,Micheweni,-4.9667,39.8333,82.47,73,21,4.18,TZ,2021-11-28 05:52:13,light rain
570,Iquique,-20.2208,-70.1431,64.44,79,83,3.67,CL,2021-11-28 05:49:23,broken clouds
571,Strezhevoy,60.7333,77.5889,31.98,88,99,18.37,RU,2021-11-28 05:52:14,overcast clouds
572,Huarmey,-10.0681,-78.1522,66.15,87,98,9.84,PE,2021-11-28 05:52:14,overcast clouds
573,Skjervoy,70.0311,20.9714,20.48,76,15,19.13,NO,2021-11-28 05:52:15,few clouds
574,Gladstone,-23.85,151.25,80.53,78,75,18.41,AU,2021-11-28 05:52:15,broken clouds
575,Saint Thomas,13.1833,-59.5833,78.12,78,40,13.8,BB,2021-11-28 05:52:15,scattered clouds
576,Ushibuka,32.1906,130.0228,56.17,54,27,2.55,JP,2021-11-28 05:52:16,scattered clouds
577,Suraabad,40.8192,49.4687,51.98,74,99,1.14,AZ,2021-11-28 05:52:16,overcast clouds
578,Mormugao,15.4,73.8,83.46,51,40,9.22,IN,2021-11-28 05:52:17,scattered clouds
579,Kloulklubed,7.0419,134.2556,82.9,76,100,12.71,PW,2021-11-28 05:52:17,overcast clouds
580,Centralina,-18.5839,-49.1994,70.27,92,5,4.52,BR,2021-11-28 05:52:17,clear sky
581,Tura,25.5198,90.2201,76.39,42,48,2.57,IN,2021-11-28 05:52:18,scattered clouds
582,Bang Saphan,11.2126,99.5117,87.75,61,50,13.06,TH,2021-11-28 05:52:18,scattered clouds
583,Tabuleiro Do Norte,-5.2467,-38.1306,75.49,89,61,6.35,BR,2021-11-28 05:52:18,broken clouds
584,Sabha,27.0377,14.4283,68.99,29,100,14.07,LY,2021-11-28 05:50:52,overcast clouds
585,Ewa Beach,21.3156,-158.0072,78.75,65,90,5.75,US,2021-11-28 05:52:19,overcast clouds
586,Nianzishan,47.5167,122.8833,25.52,76,76,4.9,CN,2021-11-28 05:52:19,broken clouds
587,Neiafu,-18.65,-173.9833,83.08,78,75,9.22,TO,2021-11-28 05:52:19,broken clouds
588,Dmitriyevka,54.75,55.3333,18.95,78,33,13.76,RU,2021-11-28 05:53:20,scattered clouds
589,Matagami,49.7502,-77.6328,10.51,100,90,8.05,CA,2021-11-28 05:53:20,light snow
590,Shellbrook,53.2168,-106.4011,9.63,92,96,4.97,CA,2021-11-28 05:53:20,overcast clouds
591,Wanaka,-44.7,169.15,67.26,52,20,2.57,NZ,2021-11-28 05:53:21,few clouds
592,Coihaique,-45.5752,-72.0662,48.15,66,75,4.61,CL,2021-11-28 05:53:21,broken clouds
593,Mareeba,-17.0,145.4333,81.32,59,76,7.52,AU,2021-11-28 05:53:21,broken clouds
594,Santa Fe,-31.6333,-60.7,64.44,94,100,16.33,AR,2021-11-28 05:50:11,light rain
595,Ponta Delgada,37.7333,-25.6667,59.72,72,75,5.75,PT,2021-11-28 05:53:22,broken clouds
596,Morant Bay,17.8815,-76.4093,78.42,76,97,9.62,JM,2021-11-28 05:53:22,overcast clouds
597,Rio Gallegos,-51.6226,-69.2181,53.65,37,20,11.5,AR,2021-11-28 05:52:35,few clouds
598,Alagoinhas,-12.1356,-38.4192,72.75,97,92,6.15,BR,2021-11-28 05:53:23,moderate rain
599,Mendi,-6.1761,143.6513,62.1,95,91,2.71,PG,2021-11-28 05:53:23,moderate rain
600,Nykoping,58.753,17.0079,28.26,86,0,10.36,SE,2021-11-28 05:53:23,clear sky
601,Vanimo,-2.6741,141.3028,85.96,63,87,5.46,PG,2021-11-28 05:53:24,overcast clouds
602,Pathein,16.7833,94.7333,84.7,65,5,10.13,MM,2021-11-28 05:53:24,clear sky
603,Tessalit,20.1986,1.0114,71.67,23,73,2.75,ML,2021-11-28 05:53:24,broken clouds
604,Asyut,27.181,31.1837,55.58,22,9,2.59,EG,2021-11-28 05:53:25,clear sky
605,Dudinka,69.4058,86.1778,-5.96,98,100,4.47,RU,2021-11-28 05:53:25,overcast clouds
606,Roebourne,-20.7833,117.1333,93.85,36,1,20.54,AU,2021-11-28 05:53:25,clear sky
607,Itoman,26.1247,127.6694,71.98,53,75,17.27,JP,2021-11-28 05:53:26,broken clouds
608,Tateyama,34.9833,139.8667,57.22,42,0,11.14,JP,2021-11-28 05:53:26,clear sky
609,Bud,39.447,-86.1758,41.02,85,23,9.93,US,2021-11-28 05:53:26,few clouds
610,Praia Da Vitoria,38.7333,-27.0667,59.25,82,75,6.26,PT,2021-11-28 05:53:27,broken clouds
611,Svetlyy,54.675,20.1347,33.85,86,97,7.54,RU,2021-11-28 05:53:27,overcast clouds
612,Liepaja,56.5419,21.0367,32.05,93,90,5.75,LV,2021-11-28 05:53:27,overcast clouds
613,Gornyy,55.1153,83.9059,19.71,92,99,16.33,RU,2021-11-28 05:53:28,overcast clouds
614,Sedan,49.6667,5.0,37.02,99,100,2.28,FR,2021-11-28 05:53:28,overcast clouds
615,San Rafael Del Sur,11.8485,-86.4384,76.08,77,63,13.67,NI,2021-11-28 05:53:28,broken clouds
616,Ndele,8.4109,20.6473,74.61,27,86,1.81,CF,2021-11-28 05:53:29,overcast clouds
617,Sao Pedro,-22.5486,-47.9139,68.11,58,2,3.65,BR,2021-11-28 05:53:29,clear sky
618,Williams Lake,52.1415,-122.1445,38.77,93,90,8.05,CA,2021-11-28 05:53:29,overcast clouds
619,Kondinskoye,59.6481,67.41,21.51,95,77,7.9,RU,2021-11-28 05:53:30,broken clouds
620,Ozernovskiy,51.5,156.5167,23.45,73,97,19.98,RU,2021-11-28 05:53:30,overcast clouds
621,Nsanje,-16.92,35.262,77.07,56,2,4.41,MW,2021-11-28 05:53:30,clear sky
622,Drumnadrochit,57.3344,-4.4799,33.49,96,99,6.62,GB,2021-11-28 05:53:31,light snow
623,Kabompo,-13.5927,24.2008,72.72,66,71,8.19,ZM,2021-11-28 05:53:31,broken clouds
624,Beira,-19.8436,34.8389,77.09,69,20,3.44,MZ,2021-11-28 05:49:46,few clouds
625,Acajutla,13.5928,-89.8275,76.57,67,12,7.87,SV,2021-11-28 05:53:32,few clouds
626,Guerrero Negro,27.9769,-114.0611,65.07,72,0,6.22,MX,2021-11-28 05:51:03,clear sky
627,Huambo,-12.7761,15.7392,60.82,95,100,6.96,AO,2021-11-28 05:53:32,overcast clouds
628,Mopipi,-21.1833,24.8833,76.95,46,4,17.47,BW,2021-11-28 05:53:33,clear sky
629,Havre-Saint-Pierre,50.2334,-63.5986,35.6,100,90,11.5,CA,2021-11-28 05:53:33,snow
630,Tokoroa,-38.2333,175.8667,66.81,56,100,5.32,NZ,2021-11-28 05:53:33,overcast clouds
631,Panguna,-6.3164,155.4848,76.41,78,98,1.66,PG,2021-11-28 05:53:34,light rain
632,Mackenzie,55.2999,-123.1698,34.02,93,90,6.91,CA,2021-11-28 05:53:34,light rain
633,Shelburne,44.0787,-80.2041,27.05,92,100,1.23,CA,2021-11-28 05:54:34,overcast clouds
634,Buraydah,26.326,43.975,55.85,36,0,4.83,SA,2021-11-28 05:54:35,clear sky
635,Abu Kamal,34.4506,40.9171,63.63,46,86,6.64,SY,2021-11-28 05:54:35,overcast clouds
636,Yanam,16.7333,82.2167,81.0,70,100,13.29,IN,2021-11-28 05:54:35,moderate rain
637,Springbok,-29.6643,17.8865,57.0,71,100,7.7,ZA,2021-11-28 05:54:36,overcast clouds
638,Aviemore,57.1955,-3.8259,31.35,96,96,5.17,GB,2021-11-28 05:54:36,light snow
639,Toba Tek Singh,30.9743,72.4827,75.9,18,1,4.7,PK,2021-11-28 05:54:36,clear sky
640,Eureka,40.8021,-124.1637,50.61,94,68,2.59,US,2021-11-28 05:50:10,broken clouds
641,Hongjiang,27.11,109.9956,57.02,73,92,1.59,CN,2021-11-28 05:54:37,overcast clouds
642,Banda Aceh,5.5577,95.3222,79.68,81,100,6.67,ID,2021-11-28 05:49:49,heavy intensity rain
643,Melito Di Porto Salvo,37.9222,15.7714,60.69,67,75,10.36,IT,2021-11-28 05:54:37,light rain
644,Kieta,-6.2167,155.6333,83.01,75,98,5.01,PG,2021-11-28 05:54:38,overcast clouds
645,Okato,-39.2,173.8833,62.46,75,100,4.54,NZ,2021-11-28 05:54:38,overcast clouds
646,Karlskrona,56.1616,15.5866,36.05,97,100,7.9,SE,2021-11-28 05:54:39,light rain
647,Buncrana,55.1333,-7.45,40.21,89,100,7.7,IE,2021-11-28 05:54:39,light rain
648,Waipawa,-41.4122,175.5153,59.63,82,100,2.75,NZ,2021-11-28 05:54:39,overcast clouds
649,Nata,8.3333,-80.5167,74.26,86,86,5.37,PA,2021-11-28 05:54:40,overcast clouds
650,Chara,56.9064,118.2631,-6.32,87,7,0.22,RU,2021-11-28 05:54:40,clear sky
651,Okhotsk,59.3833,143.3,3.92,70,3,20.89,RU,2021-11-28 05:54:40,clear sky
652,Luena,-11.7833,19.9167,66.15,90,100,0.63,AO,2021-11-28 05:54:41,overcast clouds
653,Medina,24.4686,39.6142,68.43,30,0,9.22,SA,2021-11-28 05:54:29,clear sky
654,Freeport,40.6576,-73.5832,35.62,46,88,8.72,US,2021-11-28 05:54:41,overcast clouds
655,Pedasi,7.5333,-80.0333,78.24,82,30,14.45,PA,2021-11-28 05:54:42,scattered clouds
656,Miles City,46.4083,-105.8406,34.77,75,1,9.22,US,2021-11-28 05:51:56,clear sky
657,Loandjili,-4.7561,11.8578,73.51,94,20,3.44,CG,2021-11-28 05:54:42,few clouds
658,Sibolga,1.7427,98.7792,78.39,88,98,1.43,ID,2021-11-28 05:54:42,overcast clouds
659,Tonj,7.2737,28.6822,85.23,29,69,2.59,SS,2021-11-28 05:54:43,broken clouds
660,Caravelas,-17.7125,-39.2481,70.77,97,100,4.43,BR,2021-11-28 05:54:43,overcast clouds
661,Pleasanton,37.6624,-121.8747,57.81,56,60,2.15,US,2021-11-28 05:54:43,broken clouds
662,Auki,-8.7676,160.7034,83.07,78,94,4.09,SB,2021-11-28 05:54:44,light rain
663,Nosy Varika,-20.5833,48.5333,68.59,88,100,10.47,MG,2021-11-28 05:54:44,overcast clouds
664,Harbin,45.75,126.65,37.35,94,76,11.41,CN,2021-11-28 05:54:44,broken clouds
665,Cairns,-16.9167,145.7667,85.95,66,40,11.5,AU,2021-11-28 05:51:00,scattered clouds
666,Turukhansk,65.8167,87.9833,4.93,94,100,12.5,RU,2021-11-28 05:54:45,light snow
667,Bairnsdale,-37.8333,147.6167,63.66,61,2,10.49,AU,2021-11-28 05:54:45,clear sky
668,Sinnamary,5.3833,-52.95,77.02,88,90,8.77,GF,2021-11-28 05:54:46,overcast clouds
669,Stara Synyava,49.6032,27.6191,37.99,90,34,7.83,UA,2021-11-28 05:54:46,scattered clouds
670,Sun Valley,39.5963,-119.776,39.88,53,20,0.0,US,2021-11-28 05:54:46,few clouds
671,Lilongwe,-13.9669,33.7873,66.4,82,0,6.91,MW,2021-11-28 05:51:48,clear sky
672,Freetown,8.484,-13.2299,79.47,84,76,3.76,SL,2021-11-28 05:54:47,broken clouds
673,Novobirilyussy,56.9514,90.6661,22.55,90,100,11.52,RU,2021-11-28 05:54:47,overcast clouds
674,Urumqi,43.801,87.6005,29.35,43,0,2.24,CN,2021-11-28 05:54:47,clear sky
675,Samana,19.2056,-69.3369,74.14,79,3,5.73,DO,2021-11-28 05:54:48,clear sky
676,Kaliningrad,54.7065,20.511,33.85,91,87,5.01,RU,2021-11-28 05:55:48,overcast clouds
677,Marquette,46.5333,-87.6335,26.04,90,100,7.65,US,2021-11-28 05:55:48,overcast clouds
678,Esmeraldas,-19.7625,-44.3139,68.31,97,59,4.63,BR,2021-11-28 05:55:49,broken clouds
679,Parintins,-2.6283,-56.7358,74.32,94,100,0.25,BR,2021-11-28 05:55:49,overcast clouds
680,Maravilla,10.9011,123.8918,87.89,71,100,8.14,PH,2021-11-28 05:55:49,overcast clouds
681,Kindu,-2.95,25.95,69.67,98,100,1.1,CD,2021-11-28 05:55:50,light rain
682,Terrace Bay,48.7834,-87.1,28.02,90,100,6.2,CA,2021-11-28 05:55:50,overcast clouds
683,Zambezi,-13.5432,23.1047,70.79,76,68,7.87,ZM,2021-11-28 05:55:50,broken clouds
684,Aktash,50.3,87.7333,15.17,84,84,1.68,RU,2021-11-28 05:55:51,broken clouds
685,Picayune,30.5255,-89.6795,51.94,69,100,2.98,US,2021-11-28 05:55:43,overcast clouds
686,Elbistan,38.2059,37.1983,49.86,79,100,1.23,TR,2021-11-28 05:55:51,overcast clouds
687,Tilichiki,60.4667,166.1,23.04,94,100,12.97,RU,2021-11-28 05:55:51,snow
688,Chumikan,54.7183,135.315,20.14,93,100,3.69,RU,2021-11-28 05:55:52,overcast clouds
689,Shunyi,40.125,116.6453,48.15,57,45,2.24,CN,2021-11-28 05:55:52,haze
690,Amnat Charoen,15.9167,104.75,80.71,56,50,21.94,TH,2021-11-28 05:55:53,scattered clouds
691,Aloleng,16.1307,119.7824,84.72,62,89,18.07,PH,2021-11-28 05:55:53,overcast clouds
692,Khani,41.9563,42.9566,45.97,63,100,4.03,GE,2021-11-28 05:55:53,overcast clouds
693,Rumphi,-11.0186,33.8575,75.27,59,68,6.89,MW,2021-11-28 05:55:54,broken clouds
694,Quirinopolis,-18.4483,-50.4517,71.83,82,16,1.9,BR,2021-11-28 05:55:54,few clouds
695,Port Pirie,-33.1833,138.0167,80.69,34,0,13.71,AU,2021-11-28 05:55:54,clear sky
